,survived,pclass,sex,age,sibsp,parch,fare,embarked,deck,FamilySize,isAlone
0,0,3,1,22.0,1,0,7.25,S,G,2,0
1,1,1,0,38.0,1,0,71.2833,C,C,2,0
2,1,3,0,26.0,0,0,7.925,S,E,1,1
3,1,1,0,35.0,1,0,53.1,S,C,2,0
4,0,3,1,35.0,0,0,8.05,S,E,1,1
5,0,3,1,29.869351032448375,0,0,8.4583,Q,G,1,1
6,0,1,1,54.0,0,0,51.8625,S,E,1,1
7,0,3,1,2.0,3,1,21.075,S,F,5,0
8,1,3,0,27.0,0,2,11.1333,S,E,3,0
9,1,2,0,14.0,1,0,30.0708,C,D,2,0
10,1,3,0,4.0,1,1,16.7,S,G,3,0
11,1,1,0,58.0,0,0,26.55,S,C,1,1
12,0,3,1,20.0,0,0,8.05,S,E,1,1
13,0,3,1,39.0,1,5,31.275,S,G,7,0
14,0,3,0,14.0,0,0,7.8542,S,E,1,1
15,1,2,0,55.0,0,0,16.0,S,D,1,1
16,0,3,1,2.0,4,1,29.125,Q,G,6,0
17,1,2,1,29.869351032448375,0,0,13.0,S,E,1,1
18,0,3,0,31.0,1,0,18.0,S,E,2,0
19,1,3,0,29.869351032448375,0,0,7.225,C,E,1,1
20,0,2,1,35.0,0,0,26.0,S,D,1,1
21,1,2,1,34.0,0,0,13.0,S,D,1,1
22,1,3,0,15.0,0,0,8.0292,Q,E,1,1
23,1,1,1,28.0,0,0,35.5,S,A,1,1
24,0,3,0,8.0,3,1,21.075,S,E,5,0
25,1,3,0,38.0,1,5,31.3875,S,G,7,0
26,0,3,1,29.869351032448375,0,0,7.225,C,G,1,1
27,0,1,1,19.0,3,2,263.0,S,C,6,0
28,1,3,0,29.869351032448375,0,0,7.8792,Q,E,1,1
29,0,3,1,29.869351032448375,0,0,7.8958,S,G,1,1
30,0,1,1,40.0,0,0,27.7208,C,A,1,1
31,1,1,0,29.869351032448375,1,0,146.5208,C,B,2,0
32,1,3,0,29.869351032448375,0,0,7.75,Q,G,1,1
33,0,2,1,66.0,0,0,10.5,S,E,1,1
34,0,1,1,28.0,1,0,82.1708,C,A,2,0
35,0,1,1,42.0,1,0,52.0,S,B,2,0
36,1,3,1,29.869351032448375,0,0,7.2292,C,G,1,1
37,0,3,1,21.0,0,0,8.05,S,F,1,1
38,0,3,0,18.0,2,0,18.0,S,E,3,0
39,1,3,0,14.0,1,0,11.2417,C,E,2,0
40,0,3,0,40.0,1,0,9.475,S,G,2,0
41,0,2,0,27.0,1,0,21.0,S,E,2,0
42,0,3,1,29.869351032448375,0,0,7.8958,C,F,1,1
43,1,2,0,3.0,1,2,41.5792,C,E,4,0
44,1,3,0,19.0,0,0,7.8792,Q,E,1,1
45,0,3,1,29.869351032448375,0,0,8.05,S,E,1,1
46,0,3,1,29.869351032448375,1,0,15.5,Q,F,2,0
48,0,3,1,29.869351032448375,2,0,21.6792,C,E,3,0
49,0,3,0,18.0,1,0,17.8,S,E,2,0
50,0,3,1,7.0,4,1,39.6875,S,F,6,0
51,0,3,1,21.0,0,0,7.8,S,E,1,1
52,1,1,0,49.0,1,0,76.7292,C,D,2,0
53,1,2,0,29.0,1,0,26.0,S,E,2,0
54,0,1,1,65.0,0,1,61.9792,C,B,2,0
55,1,1,1,29.869351032448375,0,0,35.5,S,C,1,1
56,1,2,0,21.0,0,0,10.5,S,E,1,1
57,0,3,1,28.5,0,0,7.2292,C,G,1,1
58,1,2,0,5.0,1,2,27.75,S,E,4,0
59,0,3,1,11.0,5,2,46.9,S,E,8,0
60,0,3,1,22.0,0,0,7.2292,C,G,1,1
61,1,1,0,38.0,0,0,80.0,S,B,1,1
62,0,1,1,45.0,1,0,83.475,S,C,2,0
63,0,3,1,4.0,3,2,27.9,S,F,6,0
64,0,1,1,29.869351032448375,0,0,27.7208,C,C,1,1
65,1,3,1,29.869351032448375,1,1,15.2458,C,E,3,0
66,1,2,0,29.0,0,0,10.5,S,F,1,1
67,0,3,1,19.0,0,0,8.1583,S,F,1,1
68,1,3,0,17.0,4,2,7.925,S,E,7,0
69,0,3,1,26.0,2,0,8.6625,S,G,3,0
70,0,2,1,32.0,0,0,10.5,S,E,1,1
71,0,3,0,16.0,5,2,46.9,S,G,8,0
72,0,2,1,21.0,0,0,73.5,S,E,1,1
73,0,3,1,26.0,1,0,14.4542,C,G,2,0
74,1,3,1,32.0,0,0,56.4958,S,E,1,1
75,0,3,1,25.0,0,0,7.65,S,F,1,1
78,1,2,1,0.83,0,2,29.0,S,D,3,0
79,1,3,0,30.0,0,0,12.475,S,E,1,1
80,0,3,1,22.0,0,0,9.0,S,G,1,1
81,1,3,1,29.0,0,0,9.5,S,E,1,1
82,1,3,0,29.869351032448375,0,0,7.7875,Q,F,1,1
83,0,1,1,28.0,0,0,47.1,S,A,1,1
84,1,2,0,17.0,0,0,10.5,S,D,1,1
85,1,3,0,33.0,3,0,15.85,S,E,4,0
86,0,3,1,16.0,1,3,34.375,S,F,5,0
88,1,1,0,23.0,3,2,263.0,S,C,6,0
89,0,3,1,24.0,0,0,8.05,S,F,1,1
90,0,3,1,29.0,0,0,8.05,S,F,1,1
91,0,3,1,20.0,0,0,7.8542,S,G,1,1
92,0,1,1,46.0,1,0,61.175,S,E,2,0
93,0,3,1,26.0,1,2,20.575,S,F,4,0
94,0,3,1,59.0,0,0,7.25,S,E,1,1
96,0,1,1,71.0,0,0,34.6542,C,A,1,1
97,1,1,1,23.0,0,1,63.3583,C,D,2,0
98,1,2,0,34.0,0,1,23.0,S,E,2,0
99,0,2,1,34.0,1,0,26.0,S,E,2,0
100,0,3,0,28.0,0,0,7.8958,S,E,1,1
102,0,1,1,21.0,0,1,77.2875,S,D,2,0
103,0,3,1,33.0,0,0,8.6542,S,G,1,1
104,0,3,1,37.0,2,0,7.925,S,F,3,0
105,0,3,1,28.0,0,0,7.8958,S,G,1,1
106,1,3,0,21.0,0,0,7.65,S,G,1,1
107,1,3,1,29.869351032448375,0,0,7.775,S,G,1,1
108,0,3,1,38.0,0,0,7.8958,S,E,1,1
109,1,3,0,29.869351032448375,1,0,24.15,Q,G,2,0
110,0,1,1,47.0,0,0,52.0,S,C,1,1
111,0,3,0,14.5,1,0,14.4542,C,G,2,0
112,0,3,1,22.0,0,0,8.05,S,E,1,1
113,0,3,0,20.0,1,0,9.825,S,G,2,0
114,0,3,0,17.0,0,0,14.4583,C,G,1,1
115,0,3,1,21.0,0,0,7.925,S,E,1,1
116,0,3,1,70.5,0,0,7.75,Q,E,1,1
117,0,2,1,29.0,1,0,21.0,S,E,2,0
118,0,1,1,24.0,0,1,247.5208,C,B,2,0
119,0,3,0,2.0,4,2,31.275,S,F,7,0
120,0,2,1,21.0,2,0,73.5,S,E,3,0
122,0,2,1,32.5,1,0,30.0708,C,D,2,0
123,1,2,0,32.5,0,0,13.0,S,E,1,1
124,0,1,1,54.0,0,1,77.2875,S,D,2,0
125,1,3,1,12.0,1,0,11.2417,C,G,2,0
126,0,3,1,29.869351032448375,0,0,7.75,Q,F,1,1
127,1,3,1,24.0,0,0,7.1417,S,E,1,1
128,1,3,0,29.869351032448375,1,1,22.3583,C,F,3,0
129,0,3,1,45.0,0,0,6.975,S,E,1,1
130,0,3,1,33.0,0,0,7.8958,C,E,1,1
131,0,3,1,20.0,0,0,7.05,S,F,1,1
132,0,3,0,47.0,1,0,14.5,S,F,2,0
134,0,2,1,25.0,0,0,13.0,S,E,1,1
135,0,2,1,23.0,0,0,15.0458,C,D,1,1
136,1,1,0,19.0,0,2,26.2833,S,D,3,0
137,0,1,1,37.0,1,0,53.1,S,C,2,0
138,0,3,1,16.0,0,0,9.2167,S,E,1,1
139,0,1,1,24.0,0,0,79.2,C,B,1,1
140,0,3,0,29.869351032448375,0,2,15.2458,C,G,3,0
141,1,3,0,22.0,0,0,7.75,S,G,1,1
142,1,3,0,24.0,1,0,15.85,S,F,2,0
143,0,3,1,19.0,0,0,6.75,Q,E,1,1
144,0,2,1,18.0,0,0,11.5,S,E,1,1
145,0,2,1,19.0,1,1,36.75,S,E,3,0
146,1,3,1,27.0,0,0,7.7958,S,G,1,1
147,0,3,0,9.0,2,2,34.375,S,F,5,0
148,0,2,1,36.5,0,2,26.0,S,F,3,0
149,0,2,1,42.0,0,0,13.0,S,D,1,1
150,0,2,1,51.0,0,0,12.525,S,E,1,1
151,1,1,0,22.0,1,0,66.6,S,C,2,0
152,0,3,1,55.5,0,0,8.05,S,E,1,1
153,0,3,1,40.5,0,2,14.5,S,E,3,0
154,0,3,1,29.869351032448375,0,0,7.3125,S,G,1,1
155,0,1,1,51.0,0,1,61.3792,C,C,2,0
156,1,3,0,16.0,0,0,7.7333,Q,G,1,1
157,0,3,1,30.0,0,0,8.05,S,F,1,1
158,0,3,1,29.869351032448375,0,0,8.6625,S,G,1,1
159,0,3,1,29.869351032448375,8,2,69.55,S,G,11,0
160,0,3,1,44.0,0,1,16.1,S,F,2,0
161,1,2,0,40.0,0,0,15.75,S,E,1,1
162,0,3,1,26.0,0,0,7.775,S,F,1,1
163,0,3,1,17.0,0,0,8.6625,S,E,1,1
164,0,3,1,1.0,4,1,39.6875,S,E,6,0
165,1,3,1,9.0,0,2,20.525,S,G,3,0
166,1,1,0,29.869351032448375,0,1,55.0,S,E,2,0
167,0,3,0,45.0,1,4,27.9,S,F,6,0
168,0,1,1,29.869351032448375,0,0,25.925,S,A,1,1
169,0,3,1,28.0,0,0,56.4958,S,E,1,1
170,0,1,1,61.0,0,0,33.5,S,B,1,1
171,0,3,1,4.0,4,1,29.125,Q,E,6,0
172,1,3,0,1.0,1,1,11.1333,S,E,3,0
174,0,1,1,56.0,0,0,30.6958,C,A,1,1
175,0,3,1,18.0,1,1,7.8542,S,G,3,0
176,0,3,1,29.869351032448375,3,1,25.4667,S,E,5,0
177,0,1,0,50.0,0,0,28.7125,C,C,1,1
178,0,2,1,30.0,0,0,13.0,S,E,1,1
179,0,3,1,36.0,0,0,0.0,S,G,1,1
180,0,3,0,29.869351032448375,8,2,69.55,S,E,11,0
181,0,2,1,29.869351032448375,0,0,15.05,C,E,1,1
182,0,3,1,9.0,4,2,31.3875,S,F,7,0
183,1,2,1,1.0,2,1,39.0,S,F,4,0
184,1,3,0,4.0,0,2,22.025,S,G,3,0
185,0,1,1,29.869351032448375,0,0,50.0,S,A,1,1
186,1,3,0,29.869351032448375,1,0,15.5,Q,F,2,0
187,1,1,1,45.0,0,0,26.55,S,C,1,1
188,0,3,1,40.0,1,1,15.5,Q,F,3,0
189,0,3,1,36.0,0,0,7.8958,S,G,1,1
190,1,2,0,32.0,0,0,13.0,S,D,1,1
191,0,2,1,19.0,0,0,13.0,S,D,1,1
192,1,3,0,19.0,1,0,7.8542,S,G,2,0
193,1,2,1,3.0,1,1,26.0,S,F,3,0
194,1,1,0,44.0,0,0,27.7208,C,B,1,1
195,1,1,0,58.0,0,0,146.5208,C,B,1,1
197,0,3,1,42.0,0,1,8.4042,S,G,2,0
199,0,2,0,24.0,0,0,13.0,S,E,1,1
200,0,3,1,28.0,0,0,9.5,S,G,1,1
202,0,3,1,34.0,0,0,6.4958,S,F,1,1
203,0,3,1,45.5,0,0,7.225,C,E,1,1
204,1,3,1,18.0,0,0,8.05,S,F,1,1
205,0,3,0,2.0,0,1,10.4625,S,G,2,0
206,0,3,1,32.0,1,0,15.85,S,F,2,0
207,1,3,1,26.0,0,0,18.7875,C,E,1,1
208,1,3,0,16.0,0,0,7.75,Q,F,1,1
209,1,1,1,40.0,0,0,31.0,C,A,1,1
210,0,3,1,24.0,0,0,7.05,S,E,1,1
211,1,2,0,35.0,0,0,21.0,S,E,1,1
212,0,3,1,22.0,0,0,7.25,S,G,1,1
214,0,3,1,29.869351032448375,1,0,7.75,Q,E,2,0
215,1,1,0,31.0,1,0,113.275,C,D,2,0
216,1,3,0,27.0,0,0,7.925,S,G,1,1
217,0,2,1,42.0,1,0,27.0,S,D,2,0
218,1,1,0,32.0,0,0,76.2917,C,D,1,1
219,0,2,1,30.0,0,0,10.5,S,E,1,1
220,1,3,1,16.0,0,0,8.05,S,G,1,1
221,0,2,1,27.0,0,0,13.0,S,D,1,1
222,0,3,1,51.0,0,0,8.05,S,E,1,1
224,1,1,1,38.0,1,0,90.0,S,C,2,0
225,0,3,1,22.0,0,0,9.35,S,F,1,1
226,1,2,1,19.0,0,0,10.5,S,D,1,1
227,0,3,1,20.5,0,0,7.25,S,G,1,1
228,0,2,1,18.0,0,0,13.0,S,D,1,1
229,0,3,0,29.869351032448375,3,1,25.4667,S,G,5,0
230,1,1,0,35.0,1,0,83.475,S,C,2,0
231,0,3,1,29.0,0,0,7.775,S,F,1,1
232,0,2,1,59.0,0,0,13.5,S,E,1,1
233,1,3,0,5.0,4,2,31.3875,S,E,7,0
234,0,2,1,24.0,0,0,10.5,S,D,1,1
235,0,3,0,29.869351032448375,0,0,7.55,S,F,1,1
236,0,2,1,44.0,1,0,26.0,S,E,2,0
237,1,2,0,8.0,0,2,26.25,S,D,3,0
238,0,2,1,19.0,0,0,10.5,S,D,1,1
239,0,2,1,33.0,0,0,12.275,S,D,1,1
240,0,3,0,29.869351032448375,1,0,14.4542,C,G,2,0
242,0,2,1,29.0,0,0,10.5,S,D,1,1
243,0,3,1,22.0,0,0,7.125,S,E,1,1
244,0,3,1,30.0,0,0,7.225,C,G,1,1
245,0,1,1,44.0,2,0,90.0,Q,C,3,0
246,0,3,0,25.0,0,0,7.775,S,F,1,1
247,1,2,0,24.0,0,2,14.5,S,D,3,0
248,1,1,1,37.0,1,1,52.5542,S,D,3,0
249,0,2,1,54.0,1,0,26.0,S,D,2,0
250,0,3,1,29.869351032448375,0,0,7.25,S,E,1,1
251,0,3,0,29.0,1,1,10.4625,S,G,3,0
252,0,1,1,62.0,0,0,26.55,S,C,1,1
253,0,3,1,30.0,1,0,16.1,S,G,2,0
254,0,3,0,41.0,0,2,20.2125,S,F,3,0
255,1,3,0,29.0,0,2,15.2458,C,G,3,0
256,1,1,0,29.869351032448375,0,0,79.2,C,A,1,1
257,1,1,0,30.0,0,0,86.5,S,B,1,1
258,1,1,0,35.0,0,0,512.3292,C,B,1,1
259,1,2,0,50.0,0,1,26.0,S,E,2,0
261,1,3,1,3.0,4,2,31.3875,S,E,7,0
262,0,1,1,52.0,1,1,79.65,S,E,3,0
263,0,1,1,40.0,0,0,0.0,S,B,1,1
264,0,3,0,29.869351032448375,0,0,7.75,Q,G,1,1
265,0,2,1,36.0,0,0,10.5,S,D,1,1
266,0,3,1,16.0,4,1,39.6875,S,G,6,0
267,1,3,1,25.0,1,0,7.775,S,F,2,0
268,1,1,0,58.0,0,1,153.4625,S,C,2,0
269,1,1,0,35.0,0,0,135.6333,S,C,1,1
270,0,1,1,29.869351032448375,0,0,31.0,S,B,1,1
271,1,3,1,25.0,0,0,0.0,S,G,1,1
272,1,2,0,41.0,0,1,19.5,S,E,2,0
273,0,1,1,37.0,0,1,29.7,C,C,2,0
275,1,1,0,63.0,1,0,77.9583,S,D,2,0
276,0,3,0,45.0,0,0,7.75,S,F,1,1
277,0,2,1,29.869351032448375,0,0,0.0,S,E,1,1
278,0,3,1,7.0,4,1,29.125,Q,E,6,0
279,1,3,0,35.0,1,1,20.25,S,E,3,0
280,0,3,1,65.0,0,0,7.75,Q,E,1,1
281,0,3,1,28.0,0,0,7.8542,S,E,1,1
282,0,3,1,16.0,0,0,9.5,S,F,1,1
283,1,3,1,19.0,0,0,8.05,S,E,1,1
284,0,1,1,29.869351032448375,0,0,26.0,S,A,1,1
285,0,3,1,33.0,0,0,8.6625,C,G,1,1
286,1,3,1,30.0,0,0,9.5,S,G,1,1
287,0,3,1,22.0,0,0,7.8958,S,E,1,1
288,1,2,1,42.0,0,0,13.0,S,D,1,1
289,1,3,0,22.0,0,0,7.75,Q,E,1,1
290,1,1,0,26.0,0,0,78.85,S,A,1,1
291,1,1,0,19.0,1,0,91.0792,C,B,2,0
292,0,2,1,36.0,0,0,12.875,C,D,1,1
293,0,3,0,24.0,0,0,8.85,S,G,1,1
294,0,3,1,24.0,0,0,7.8958,S,G,1,1
296,0,3,1,23.5,0,0,7.2292,C,E,1,1
297,0,1,0,2.0,1,2,151.55,S,C,4,0
298,1,1,1,29.869351032448375,0,0,30.5,S,C,1,1
299,1,1,0,50.0,0,1,247.5208,C,B,2,0
301,1,3,1,29.869351032448375,2,0,23.25,Q,E,3,0
302,0,3,1,19.0,0,0,0.0,S,E,1,1
303,1,2,0,29.869351032448375,0,0,12.35,Q,E,1,1
305,1,1,1,0.92,1,2,151.55,S,C,4,0
306,1,1,0,29.869351032448375,0,0,110.8833,C,A,1,1
307,1,1,0,17.0,1,0,108.9,C,C,2,0
308,0,2,1,30.0,1,0,24.0,C,E,2,0
309,1,1,0,30.0,0,0,56.9292,C,E,1,1
310,1,1,0,24.0,0,0,83.1583,C,C,1,1
311,1,1,0,18.0,2,2,262.375,C,B,5,0
312,0,2,0,26.0,1,1,26.0,S,D,3,0
314,0,2,1,43.0,1,1,26.25,S,D,3,0
315,1,3,0,26.0,0,0,7.8542,S,F,1,1
316,1,2,0,24.0,1,0,26.0,S,E,2,0
317,0,2,1,54.0,0,0,14.0,S,D,1,1
318,1,1,0,31.0,0,2,164.8667,S,C,3,0
319,1,1,0,40.0,1,1,134.5,C,E,3,0
321,0,3,1,27.0,0,0,7.8958,S,G,1,1
322,1,2,0,30.0,0,0,12.35,Q,D,1,1
323,1,2,0,22.0,1,1,29.0,S,E,3,0
325,1,1,0,36.0,0,0,135.6333,C,C,1,1
326,0,3,1,61.0,0,0,6.2375,S,E,1,1
327,1,2,0,36.0,0,0,13.0,S,D,1,1
328,1,3,0,31.0,1,1,20.525,S,F,3,0
329,1,1,0,16.0,0,1,57.9792,C,B,2,0
330,1,3,0,29.869351032448375,2,0,23.25,Q,F,3,0
331,0,1,1,45.5,0,0,28.5,S,C,1,1
332,0,1,1,38.0,0,1,153.4625,S,C,2,0
333,0,3,1,16.0,2,0,18.0,S,E,3,0
334,1,1,0,29.869351032448375,1,0,133.65,S,A,2,0
336,0,1,1,29.0,1,0,66.6,S,C,2,0
337,1,1,0,41.0,0,0,134.5,C,E,1,1
338,1,3,1,45.0,0,0,8.05,S,E,1,1
339,0,1,1,45.0,0,0,35.5,S,C,1,1
340,1,2,1,2.0,1,1,26.0,S,F,3,0
341,1,1,0,24.0,3,2,263.0,S,C,6,0
342,0,2,1,28.0,0,0,13.0,S,E,1,1
344,0,2,1,36.0,0,0,13.0,S,E,1,1
345,1,2,0,24.0,0,0,13.0,S,F,1,1
346,1,2,0,40.0,0,0,13.0,S,E,1,1
347,1,3,0,29.869351032448375,1,0,16.1,S,F,2,0
348,1,3,1,3.0,1,1,15.9,S,F,3,0
349,0,3,1,42.0,0,0,8.6625,S,G,1,1
350,0,3,1,23.0,0,0,9.225,S,E,1,1
351,0,1,1,29.869351032448375,0,0,35.0,S,C,1,1
352,0,3,1,15.0,1,1,7.2292,C,G,3,0
353,0,3,1,25.0,1,0,17.8,S,G,2,0
356,1,1,0,22.0,0,1,55.0,S,E,2,0
357,0,2,0,38.0,0,0,13.0,S,D,1,1
360,0,3,1,40.0,1,4,27.9,S,E,6,0
361,0,2,1,29.0,1,0,27.7208,C,E,2,0
362,0,3,0,45.0,0,1,14.4542,C,G,2,0
363,0,3,1,35.0,0,0,7.05,S,F,1,1
365,0,3,1,30.0,0,0,7.25,S,E,1,1
366,1,1,0,60.0,1,0,75.25,C,D,2,0
367,1,3,0,29.869351032448375,0,0,7.2292,C,E,1,1
369,1,1,0,24.0,0,0,69.3,C,B,1,1
370,1,1,1,25.0,1,0,55.4417,C,E,2,0
371,0,3,1,18.0,1,0,6.4958,S,E,2,0
372,0,3,1,19.0,0,0,8.05,S,E,1,1
373,0,1,1,22.0,0,0,135.6333,C,C,1,1
374,0,3,0,3.0,3,1,21.075,S,F,5,0
375,1,1,0,29.869351032448375,1,0,82.1708,C,A,2,0
376,1,3,0,22.0,0,0,7.25,S,F,1,1
377,0,1,1,27.0,0,2,211.5,C,C,3,0
378,0,3,1,20.0,0,0,4.0125,C,E,1,1
379,0,3,1,19.0,0,0,7.775,S,F,1,1
380,1,1,0,42.0,0,0,227.525,C,B,1,1
381,1,3,0,1.0,0,2,15.7417,C,E,3,0
382,0,3,1,32.0,0,0,7.925,S,E,1,1
383,1,1,0,35.0,1,0,52.0,S,B,2,0
385,0,2,1,18.0,0,0,73.5,S,D,1,1
386,0,3,1,1.0,5,2,46.9,S,E,8,0
387,1,2,0,36.0,0,0,13.0,S,D,1,1
388,0,3,1,29.869351032448375,0,0,7.7292,Q,E,1,1
389,1,2,0,17.0,0,0,12.0,C,D,1,1
390,1,1,1,36.0,1,2,120.0,S,B,4,0
391,1,3,1,21.0,0,0,7.7958,S,E,1,1
392,0,3,1,28.0,2,0,7.925,S,F,3,0
393,1,1,0,23.0,1,0,113.275,C,D,2,0
394,1,3,0,24.0,0,2,16.7,S,G,3,0
395,0,3,1,22.0,0,0,7.7958,S,F,1,1
396,0,3,0,31.0,0,0,7.8542,S,F,1,1
397,0,2,1,46.0,0,0,26.0,S,D,1,1
398,0,2,1,23.0,0,0,10.5,S,E,1,1
399,1,2,0,28.0,0,0,12.65,S,D,1,1
400,1,3,1,39.0,0,0,7.925,S,E,1,1
401,0,3,1,26.0,0,0,8.05,S,F,1,1
402,0,3,0,21.0,1,0,9.825,S,E,2,0
403,0,3,1,28.0,1,0,15.85,S,F,2,0
404,0,3,0,20.0,0,0,8.6625,S,F,1,1
405,0,2,1,34.0,1,0,21.0,S,E,2,0
406,0,3,1,51.0,0,0,7.75,S,F,1,1
407,1,2,1,3.0,1,1,18.75,S,E,3,0
408,0,3,1,21.0,0,0,7.775,S,G,1,1
411,0,3,1,29.869351032448375,0,0,6.8583,Q,G,1,1
412,1,1,0,33.0,1,0,90.0,Q,C,2,0
414,1,3,1,44.0,0,0,7.925,S,G,1,1
415,0,3,0,29.869351032448375,0,0,8.05,S,G,1,1
416,1,2,0,34.0,1,1,32.5,S,E,3,0
417,1,2,0,18.0,0,2,13.0,S,D,3,0
419,0,3,0,10.0,0,2,24.15,S,E,3,0
421,0,3,1,21.0,0,0,7.7333,Q,F,1,1
422,0,3,1,29.0,0,0,7.875,S,E,1,1
423,0,3,0,28.0,1,1,14.4,S,E,3,0
424,0,3,1,18.0,1,1,20.2125,S,G,3,0
426,1,2,0,28.0,1,0,26.0,S,D,2,0
427,1,2,0,19.0,0,0,26.0,S,E,1,1
429,1,3,1,32.0,0,0,8.05,S,E,1,1
430,1,1,1,28.0,0,0,26.55,S,C,1,1
432,1,2,0,42.0,1,0,26.0,S,D,2,0
433,0,3,1,17.0,0,0,7.125,S,E,1,1
434,0,1,1,50.0,1,0,55.9,S,E,2,0
435,1,1,0,14.0,1,2,120.0,S,B,4,0
436,0,3,0,21.0,2,2,34.375,S,G,5,0
437,1,2,0,24.0,2,3,18.75,S,E,6,0
438,0,1,1,64.0,1,4,263.0,S,C,6,0
439,0,2,1,31.0,0,0,10.5,S,D,1,1
440,1,2,0,45.0,1,1,26.25,S,D,3,0
441,0,3,1,20.0,0,0,9.5,S,G,1,1
442,0,3,1,25.0,1,0,7.775,S,E,2,0
443,1,2,0,28.0,0,0,13.0,S,D,1,1
444,1,3,1,29.869351032448375,0,0,8.1125,S,E,1,1
445,1,1,1,4.0,0,2,81.8583,S,A,3,0
446,1,2,0,13.0,0,1,19.5,S,D,2,0
447,1,1,1,34.0,0,0,26.55,S,C,1,1
448,1,3,0,5.0,2,1,19.2583,C,E,4,0
449,1,1,1,52.0,0,0,30.5,S,C,1,1
450,0,2,1,36.0,1,2,27.75,S,E,4,0
451,0,3,1,29.869351032448375,1,0,19.9667,S,E,2,0
452,0,1,1,30.0,0,0,27.75,C,C,1,1
453,1,1,1,49.0,1,0,89.1042,C,C,2,0
455,1,3,1,29.0,0,0,7.8958,C,G,1,1
456,0,1,1,65.0,0,0,26.55,S,E,1,1
457,1,1,0,29.869351032448375,1,0,51.8625,S,D,2,0
458,1,2,0,50.0,0,0,10.5,S,D,1,1
460,1,1,1,48.0,0,0,26.55,S,E,1,1
461,0,3,1,34.0,0,0,8.05,S,G,1,1
462,0,1,1,47.0,0,0,38.5,S,E,1,1
463,0,2,1,48.0,0,0,13.0,S,D,1,1
465,0,3,1,38.0,0,0,7.05,S,G,1,1
467,0,1,1,56.0,0,0,26.55,S,A,1,1
468,0,3,1,29.869351032448375,0,0,7.725,Q,F,1,1
469,1,3,0,0.75,2,1,19.2583,C,G,4,0
471,0,3,1,38.0,0,0,8.6625,S,G,1,1
472,1,2,0,33.0,1,2,27.75,S,E,4,0
473,1,2,0,23.0,0,0,13.7917,C,D,1,1
474,0,3,0,22.0,0,0,9.8375,S,F,1,1
475,0,1,1,29.869351032448375,0,0,52.0,S,A,1,1
477,0,3,1,29.0,1,0,7.0458,S,E,2,0
478,0,3,1,22.0,0,0,7.5208,S,G,1,1
479,1,3,0,2.0,0,1,12.2875,S,G,2,0
480,0,3,1,9.0,5,2,46.9,S,F,8,0
482,0,3,1,50.0,0,0,8.05,S,E,1,1
483,1,3,0,63.0,0,0,9.5875,S,F,1,1
484,1,1,1,25.0,1,0,91.0792,C,B,2,0
486,1,1,0,35.0,1,0,90.0,S,C,2,0
487,0,1,1,58.0,0,0,29.7,C,B,1,1
489,1,3,1,9.0,1,1,15.9,S,F,3,0
491,0,3,1,21.0,0,0,7.25,S,E,1,1
492,0,1,1,55.0,0,0,30.5,S,C,1,1
493,0,1,1,71.0,0,0,49.5042,C,C,1,1
495,0,3,1,29.869351032448375,0,0,14.4583,C,G,1,1
496,1,1,0,54.0,1,0,78.2667,C,D,2,0
497,0,3,1,29.869351032448375,0,0,15.1,S,F,1,1
498,0,1,0,25.0,1,2,151.55,S,C,4,0
499,0,3,1,24.0,0,0,7.7958,S,F,1,1
501,0,3,0,21.0,0,0,7.75,Q,F,1,1
502,0,3,0,29.869351032448375,0,0,7.6292,Q,E,1,1
503,0,3,0,37.0,0,0,9.5875,S,E,1,1
504,1,1,0,16.0,0,0,86.5,S,B,1,1
505,0,1,1,18.0,1,0,108.9,C,C,2,0
506,1,2,0,33.0,0,2,26.0,S,E,3,0
507,1,1,1,29.869351032448375,0,0,26.55,S,C,1,1
508,0,3,1,28.0,0,0,22.525,S,G,1,1
509,1,3,1,26.0,0,0,56.4958,S,E,1,1
510,1,3,1,29.0,0,0,7.75,Q,E,1,1
512,1,1,1,36.0,0,0,26.2875,S,E,1,1
513,1,1,0,54.0,1,0,59.4,C,C,2,0
514,0,3,1,24.0,0,0,7.4958,S,E,1,1
515,0,1,1,47.0,0,0,34.0208,S,D,1,1
516,1,2,0,34.0,0,0,10.5,S,F,1,1
517,0,3,1,29.869351032448375,0,0,24.15,Q,G,1,1
518,1,2,0,36.0,1,0,26.0,S,E,2,0
519,0,3,1,32.0,0,0,7.8958,S,E,1,1
520,1,1,0,30.0,0,0,93.5,S,B,1,1
523,1,1,0,44.0,0,1,57.9792,C,B,2,0
524,0,3,1,29.869351032448375,0,0,7.2292,C,F,1,1
525,0,3,1,40.5,0,0,7.75,Q,E,1,1
527,0,1,1,29.869351032448375,0,0,221.7792,S,C,1,1
528,0,3,1,39.0,0,0,7.925,S,E,1,1
529,0,2,1,23.0,2,1,11.5,S,E,4,0
530,1,2,0,2.0,1,1,26.0,S,E,3,0
532,0,3,1,17.0,1,1,7.2292,C,E,3,0
533,1,3,0,29.869351032448375,0,2,22.3583,C,F,3,0
534,0,3,0,30.0,0,0,8.6625,S,G,1,1
535,1,2,0,7.0,0,2,26.25,S,E,3,0
536,0,1,1,45.0,0,0,26.55,S,B,1,1
537,1,1,0,30.0,0,0,106.425,C,C,1,1
538,0,3,1,29.869351032448375,0,0,14.5,S,G,1,1
539,1,1,0,22.0,0,2,49.5,C,B,3,0
540,1,1,0,36.0,0,2,71.0,S,B,3,0
541,0,3,0,9.0,4,2,31.275,S,G,7,0
542,0,3,0,11.0,4,2,31.275,S,E,7,0
543,1,2,1,32.0,1,0,26.0,S,E,2,0
544,0,1,1,50.0,1,0,106.425,C,C,2,0
545,0,1,1,64.0,0,0,26.0,S,C,1,1
546,1,2,0,19.0,1,0,26.0,S,D,2,0
547,1,2,1,29.869351032448375,0,0,13.8625,C,D,1,1
548,0,3,1,33.0,1,1,20.525,S,F,3,0
549,1,2,1,8.0,1,1,36.75,S,D,3,0
550,1,1,1,17.0,0,2,110.8833,C,C,3,0
551,0,2,1,27.0,0,0,26.0,S,D,1,1
552,0,3,1,29.869351032448375,0,0,7.8292,Q,G,1,1
553,1,3,1,22.0,0,0,7.225,C,G,1,1
554,1,3,0,22.0,0,0,7.775,S,E,1,1
555,0,1,1,62.0,0,0,26.55,S,B,1,1
556,1,1,0,48.0,1,0,39.6,C,A,2,0
557,0,1,1,29.869351032448375,0,0,227.525,C,B,1,1
558,1,1,0,39.0,1,1,79.65,S,E,3,0
559,1,3,0,36.0,1,0,17.4,S,G,2,0
561,0,3,1,40.0,0,0,7.8958,S,E,1,1
562,0,2,1,28.0,0,0,13.5,S,E,1,1
565,0,3,1,24.0,2,0,24.15,S,E,3,0
566,0,3,1,19.0,0,0,7.8958,S,G,1,1
567,0,3,0,29.0,0,4,21.075,S,G,5,0
569,1,3,1,32.0,0,0,7.8542,S,F,1,1
570,1,2,1,62.0,0,0,10.5,S,E,1,1
571,1,1,0,53.0,2,0,51.4792,S,C,3,0
572,1,1,1,36.0,0,0,26.3875,S,E,1,1
574,0,3,1,16.0,0,0,8.05,S,F,1,1
575,0,3,1,19.0,0,0,14.5,S,E,1,1
576,1,2,0,34.0,0,0,13.0,S,D,1,1
577,1,1,0,39.0,1,0,55.9,S,E,2,0
578,0,3,0,29.869351032448375,1,0,14.4583,C,G,2,0
579,1,3,1,32.0,0,0,7.925,S,F,1,1
580,1,2,0,25.0,1,1,30.0,S,E,3,0
581,1,1,0,39.0,1,1,110.8833,C,C,3,0
582,0,2,1,54.0,0,0,26.0,S,D,1,1
583,0,1,1,36.0,0,0,40.125,C,A,1,1
584,0,3,1,29.869351032448375,0,0,8.7125,C,E,1,1
585,1,1,0,18.0,0,2,79.65,S,E,3,0
586,0,2,1,47.0,0,0,15.0,S,E,1,1
587,1,1,1,60.0,1,1,79.2,C,B,3,0
590,0,3,1,35.0,0,0,7.125,S,E,1,1
591,1,1,0,52.0,1,0,78.2667,C,D,2,0
592,0,3,1,47.0,0,0,7.25,S,G,1,1
593,0,3,0,29.869351032448375,0,2,7.75,Q,F,3,0
594,0,2,1,37.0,1,0,26.0,S,D,2,0
595,0,3,1,36.0,1,1,24.15,S,G,3,0
596,1,2,0,29.869351032448375,0,0,33.0,S,E,1,1
597,0,3,1,49.0,0,0,0.0,S,G,1,1
599,1,1,1,49.0,1,0,56.9292,C,A,2,0
600,1,2,0,24.0,2,1,27.0,S,E,4,0
602,0,1,1,29.869351032448375,0,0,42.4,S,C,1,1
603,0,3,1,44.0,0,0,8.05,S,E,1,1
604,1,1,1,35.0,0,0,26.55,C,A,1,1
605,0,3,1,36.0,1,0,15.55,S,E,2,0
606,0,3,1,30.0,0,0,7.8958,S,G,1,1
607,1,1,1,27.0,0,0,30.5,S,A,1,1
608,1,2,0,22.0,1,2,41.5792,C,D,4,0
609,1,1,0,40.0,0,0,153.4625,S,C,1,1
610,0,3,0,39.0,1,5,31.275,S,F,7,0
611,0,3,1,29.869351032448375,0,0,7.05,S,G,1,1
615,1,2,0,24.0,1,2,65.0,S,D,4,0
616,0,3,1,34.0,1,1,14.4,S,F,3,0
617,0,3,0,26.0,1,0,16.1,S,E,2,0
618,1,2,0,4.0,2,1,39.0,S,F,4,0
619,0,2,1,26.0,0,0,10.5,S,D,1,1
620,0,3,1,27.0,1,0,14.4542,C,F,2,0
621,1,1,1,42.0,1,0,52.5542,S,D,2,0
622,1,3,1,20.0,1,1,15.7417,C,F,3,0
623,0,3,1,21.0,0,0,7.8542,S,E,1,1
624,0,3,1,21.0,0,0,16.1,S,F,1,1
625,0,1,1,61.0,0,0,32.3208,S,D,1,1
626,0,2,1,57.0,0,0,12.35,Q,D,1,1
627,1,1,0,21.0,0,0,77.9583,S,D,1,1
628,0,3,1,26.0,0,0,7.8958,S,G,1,1
629,0,3,1,29.869351032448375,0,0,7.7333,Q,E,1,1
630,1,1,1,80.0,0,0,30.0,S,A,1,1
631,0,3,1,51.0,0,0,7.0542,S,G,1,1
632,1,1,1,32.0,0,0,30.5,C,B,1,1
633,0,1,1,29.869351032448375,0,0,0.0,S,A,1,1
634,0,3,0,9.0,3,2,27.9,S,F,6,0
637,0,2,1,31.0,1,1,26.25,S,E,3,0
638,0,3,0,41.0,0,5,39.6875,S,G,6,0
639,0,3,1,29.869351032448375,1,0,16.1,S,G,2,0
642,0,3,0,2.0,3,2,27.9,S,E,6,0
643,1,3,1,29.869351032448375,0,0,56.4958,S,E,1,1
645,1,1,1,48.0,1,0,76.7292,C,D,2,0
647,1,1,1,56.0,0,0,35.5,C,A,1,1
648,0,3,1,29.869351032448375,0,0,7.55,S,E,1,1
649,1,3,0,23.0,0,0,7.55,S,E,1,1
651,1,2,0,18.0,0,1,23.0,S,E,2,0
652,0,3,1,21.0,0,0,8.4333,S,E,1,1
653,1,3,0,29.869351032448375,0,0,7.8292,Q,E,1,1
654,0,3,0,18.0,0,0,6.75,Q,G,1,1
655,0,2,1,24.0,2,0,73.5,S,E,3,0
657,0,3,0,32.0,1,1,15.5,Q,F,3,0
658,0,2,1,23.0,0,0,13.0,S,D,1,1
659,0,1,1,58.0,0,2,113.275,C,D,3,0
660,1,1,1,50.0,2,0,133.65,S,B,3,0
661,0,3,1,40.0,0,0,7.225,C,E,1,1
662,0,1,1,47.0,0,0,25.5875,S,E,1,1
663,0,3,1,36.0,0,0,7.4958,S,G,1,1
664,1,3,1,20.0,1,0,7.925,S,E,2,0
665,0,2,1,32.0,2,0,73.5,S,E,3,0
667,0,3,1,29.869351032448375,0,0,7.775,S,E,1,1
668,0,3,1,43.0,0,0,8.05,S,F,1,1
669,1,1,0,29.869351032448375,1,0,52.0,S,C,2,0
670,1,2,0,40.0,1,1,39.0,S,D,3,0
671,0,1,1,31.0,1,0,52.0,S,B,2,0
672,0,2,1,70.0,0,0,10.5,S,D,1,1
673,1,2,1,31.0,0,0,13.0,S,E,1,1
675,0,3,1,18.0,0,0,7.775,S,F,1,1
676,0,3,1,24.5,0,0,8.05,S,F,1,1
677,1,3,0,18.0,0,0,9.8417,S,E,1,1
678,0,3,0,43.0,1,6,46.9,S,E,8,0
679,1,1,1,36.0,0,1,512.3292,C,B,2,0
680,0,3,0,29.869351032448375,0,0,8.1375,Q,E,1,1
681,1,1,1,27.0,0,0,76.7292,C,D,1,1
682,0,3,1,20.0,0,0,9.225,S,G,1,1
683,0,3,1,14.0,5,2,46.9,S,E,8,0
684,0,2,1,60.0,1,1,39.0,S,E,3,0
685,0,2,1,25.0,1,2,41.5792,C,E,4,0
686,0,3,1,14.0,4,1,39.6875,S,F,6,0
687,0,3,1,19.0,0,0,10.1708,S,E,1,1
688,0,3,1,18.0,0,0,7.7958,S,F,1,1
689,1,1,0,15.0,0,1,211.3375,S,B,2,0
690,1,1,1,31.0,1,0,57.0,S,B,2,0
691,1,3,0,4.0,0,1,13.4167,C,F,2,0
693,0,3,1,25.0,0,0,7.225,C,G,1,1
694,0,1,1,60.0,0,0,26.55,S,C,1,1
695,0,2,1,52.0,0,0,13.5,S,E,1,1
697,1,3,0,29.869351032448375,0,0,7.7333,Q,G,1,1
698,0,1,1,49.0,1,1,110.8833,C,C,3,0
699,0,3,1,42.0,0,0,7.65,S,F,1,1
700,1,1,0,18.0,1,0,227.525,C,C,2,0
701,1,1,1,35.0,0,0,26.2875,S,E,1,1
702,0,3,0,18.0,0,1,14.4542,C,G,2,0
703,0,3,1,25.0,0,0,7.7417,Q,F,1,1
704,0,3,1,26.0,1,0,7.8542,S,E,2,0
705,0,2,1,39.0,0,0,26.0,S,D,1,1
706,1,2,0,45.0,0,0,13.5,S,E,1,1
707,1,1,1,42.0,0,0,26.2875,S,E,1,1
708,1,1,0,22.0,0,0,151.55,S,A,1,1
710,1,1,0,24.0,0,0,49.5042,C,C,1,1
711,0,1,1,29.869351032448375,0,0,26.55,S,C,1,1
712,1,1,1,48.0,1,0,52.0,S,C,2,0
713,0,3,1,29.0,0,0,9.4833,S,G,1,1
714,0,2,1,52.0,0,0,13.0,S,E,1,1
715,0,3,1,19.0,0,0,7.65,S,F,1,1
716,1,1,0,38.0,0,0,227.525,C,C,1,1
717,1,2,0,27.0,0,0,10.5,S,E,1,1
718,0,3,1,29.869351032448375,0,0,15.5,Q,E,1,1
719,0,3,1,33.0,0,0,7.775,S,E,1,1
720,1,2,0,6.0,0,1,33.0,S,E,2,0
721,0,3,1,17.0,1,0,7.0542,S,F,2,0
722,0,2,1,34.0,0,0,13.0,S,E,1,1
723,0,2,1,50.0,0,0,13.0,S,E,1,1
724,1,1,1,27.0,1,0,53.1,S,E,2,0
725,0,3,1,20.0,0,0,8.6625,S,G,1,1
726,1,2,0,30.0,3,0,21.0,S,D,4,0
727,1,3,0,29.869351032448375,0,0,7.7375,Q,F,1,1
728,0,2,1,25.0,1,0,26.0,S,D,2,0
729,0,3,0,25.0,1,0,7.925,S,F,2,0
730,1,1,0,29.0,0,0,211.3375,S,B,1,1
731,0,3,1,11.0,0,0,18.7875,C,E,1,1
735,0,3,1,28.5,0,0,16.1,S,G,1,1
736,0,3,0,48.0,1,3,34.375,S,F,5,0
737,1,1,1,35.0,0,0,512.3292,C,B,1,1
740,1,1,1,29.869351032448375,0,0,30.0,S,D,1,1
741,0,1,1,36.0,1,0,78.85,S,C,2,0
742,1,1,0,21.0,2,2,262.375,C,B,5,0
743,0,3,1,24.0,1,0,16.1,S,E,2,0
744,1,3,1,31.0,0,0,7.925,S,G,1,1
745,0,1,1,70.0,1,1,71.0,S,B,3,0
746,0,3,1,16.0,1,1,20.25,S,G,3,0
747,1,2,0,30.0,0,0,13.0,S,D,1,1
748,0,1,1,19.0,1,0,53.1,S,D,2,0
749,0,3,1,31.0,0,0,7.75,Q,F,1,1
750,1,2,0,4.0,1,1,23.0,S,E,3,0
751,1,3,1,6.0,0,1,12.475,S,E,2,0
752,0,3,1,33.0,0,0,9.5,S,E,1,1
753,0,3,1,23.0,0,0,7.8958,S,G,1,1
754,1,2,0,48.0,1,2,65.0,S,E,4,0
755,1,2,1,0.67,1,1,14.5,S,E,3,0
756,0,3,1,28.0,0,0,7.7958,S,G,1,1
759,1,1,0,33.0,0,0,86.5,S,B,1,1
761,0,3,1,41.0,0,0,7.125,S,E,1,1
762,1,3,1,20.0,0,0,7.2292,C,G,1,1
763,1,1,0,36.0,1,2,120.0,S,B,4,0
764,0,3,1,16.0,0,0,7.775,S,F,1,1
765,1,1,0,51.0,1,0,77.9583,S,D,2,0
766,0,1,1,29.869351032448375,0,0,39.6,C,C,1,1
767,0,3,0,30.5,0,0,7.75,Q,F,1,1
768,0,3,1,29.869351032448375,1,0,24.15,Q,G,2,0
769,0,3,1,32.0,0,0,8.3625,S,F,1,1
770,0,3,1,24.0,0,0,9.5,S,F,1,1
771,0,3,1,48.0,0,0,7.8542,S,F,1,1
772,0,2,0,57.0,0,0,10.5,S,E,1,1
774,1,2,0,54.0,1,3,23.0,S,E,5,0
775,0,3,1,18.0,0,0,7.75,S,G,1,1
776,0,3,1,29.869351032448375,0,0,7.75,Q,F,1,1
777,1,3,0,5.0,0,0,12.475,S,E,1,1
778,0,3,1,29.869351032448375,0,0,7.7375,Q,E,1,1
779,1,1,0,43.0,0,1,211.3375,S,B,2,0
780,1,3,0,13.0,0,0,7.2292,C,F,1,1
781,1,1,0,17.0,1,0,57.0,S,B,2,0
782,0,1,1,29.0,0,0,30.0,S,D,1,1
783,0,3,1,29.869351032448375,1,2,23.45,S,G,4,0
784,0,3,1,25.0,0,0,7.05,S,F,1,1
785,0,3,1,25.0,0,0,7.25,S,G,1,1
786,1,3,0,18.0,0,0,7.4958,S,G,1,1
787,0,3,1,8.0,4,1,29.125,Q,E,6,0
788,1,3,1,1.0,1,2,20.575,S,G,4,0
789,0,1,1,46.0,0,0,79.2,C,B,1,1
791,0,2,1,16.0,0,0,26.0,S,E,1,1
793,0,1,1,29.869351032448375,0,0,30.6958,C,B,1,1
794,0,3,1,25.0,0,0,7.8958,S,G,1,1
795,0,2,1,39.0,0,0,13.0,S,D,1,1
796,1,1,0,49.0,0,0,25.9292,S,D,1,1
797,1,3,0,31.0,0,0,8.6833,S,F,1,1
798,0,3,1,30.0,0,0,7.2292,C,F,1,1
799,0,3,0,30.0,1,1,24.15,S,E,3,0
801,1,2,0,31.0,1,1,26.25,S,E,3,0
802,1,1,1,11.0,1,2,120.0,S,B,4,0
803,1,3,1,0.42,0,1,8.5167,C,G,2,0
804,1,3,1,27.0,0,0,6.975,S,G,1,1
805,0,3,1,31.0,0,0,7.775,S,G,1,1
806,0,1,1,39.0,0,0,0.0,S,A,1,1
807,0,3,0,18.0,0,0,7.775,S,F,1,1
809,1,1,0,33.0,1,0,53.1,S,E,2,0
810,0,3,1,26.0,0,0,7.8875,S,F,1,1
811,0,3,1,39.0,0,0,24.15,S,F,1,1
812,0,2,1,35.0,0,0,10.5,S,E,1,1
813,0,3,0,6.0,4,2,31.275,S,G,7,0
814,0,3,1,30.5,0,0,8.05,S,E,1,1
815,0,1,1,29.869351032448375,0,0,0.0,S,B,1,1
816,0,3,0,23.0,0,0,7.925,S,G,1,1
817,0,2,1,31.0,1,1,37.0042,C,E,3,0
818,0,3,1,43.0,0,0,6.45,S,G,1,1
819,0,3,1,10.0,3,2,27.9,S,E,6,0
820,1,1,0,52.0,1,1,93.5,S,B,3,0
821,1,3,1,27.0,0,0,8.6625,S,G,1,1
822,0,1,1,38.0,0,0,0.0,S,A,1,1
823,1,3,0,27.0,0,1,12.475,S,E,2,0
824,0,3,1,2.0,4,1,39.6875,S,F,6,0
825,0,3,1,29.869351032448375,0,0,6.95,Q,G,1,1
826,0,3,1,29.869351032448375,0,0,56.4958,S,G,1,1
827,1,2,1,1.0,0,2,37.0042,C,E,3,0
828,1,3,1,29.869351032448375,0,0,7.75,Q,E,1,1
829,1,1,0,62.0,0,0,80.0,S,B,1,1
830,1,3,0,15.0,1,0,14.4542,C,E,2,0
831,1,2,1,0.83,1,1,18.75,S,E,3,0
833,0,3,1,23.0,0,0,7.8542,S,E,1,1
834,0,3,1,18.0,0,0,8.3,S,E,1,1
835,1,1,0,39.0,1,1,83.1583,C,E,3,0
836,0,3,1,21.0,0,0,8.6625,S,E,1,1
839,1,1,1,29.869351032448375,0,0,29.7,C,C,1,1
840,0,3,1,20.0,0,0,7.925,S,E,1,1
841,0,2,1,16.0,0,0,10.5,S,D,1,1
842,1,1,0,30.0,0,0,31.0,C,A,1,1
843,0,3,1,34.5,0,0,6.4375,C,F,1,1
845,0,3,1,42.0,0,0,7.55,S,G,1,1
847,0,3,1,35.0,0,0,7.8958,C,E,1,1
848,0,2,1,28.0,0,1,33.0,S,E,2,0
849,1,1,0,29.869351032448375,1,0,89.1042,C,C,2,0
850,0,3,1,4.0,4,2,31.275,S,F,7,0
851,0,3,1,74.0,0,0,7.775,S,G,1,1
852,0,3,0,9.0,1,1,15.2458,C,G,3,0
853,1,1,0,16.0,0,1,39.4,S,D,2,0
854,0,2,0,44.0,1,0,26.0,S,D,2,0
855,1,3,0,18.0,0,1,9.35,S,G,2,0
856,1,1,0,45.0,1,1,164.8667,S,C,3,0
857,1,1,1,51.0,0,0,26.55,S,E,1,1
858,1,3,0,24.0,0,3,19.2583,C,F,4,0
860,0,3,1,41.0,2,0,14.1083,S,F,3,0
861,0,2,1,21.0,1,0,11.5,S,E,2,0
862,1,1,0,48.0,0,0,25.9292,S,D,1,1
864,0,2,1,24.0,0,0,13.0,S,D,1,1
865,1,2,0,42.0,0,0,13.0,S,D,1,1
866,1,2,0,27.0,1,0,13.8583,C,D,2,0
867,0,1,1,31.0,0,0,50.4958,S,A,1,1
868,0,3,1,29.869351032448375,0,0,9.5,S,E,1,1
869,1,3,1,4.0,1,1,11.1333,S,F,3,0
871,1,1,0,47.0,1,1,52.5542,S,D,3,0
872,0,1,1,33.0,0,0,5.0,S,B,1,1
873,0,3,1,47.0,0,0,9.0,S,E,1,1
874,1,2,0,28.0,1,0,24.0,C,D,2,0
875,1,3,0,15.0,0,0,7.225,C,G,1,1
876,0,3,1,20.0,0,0,9.8458,S,G,1,1
879,1,1,0,56.0,0,1,83.1583,C,C,2,0
880,1,2,0,25.0,0,1,26.0,S,E,2,0
881,0,3,1,33.0,0,0,7.8958,S,E,1,1
882,0,3,0,22.0,0,0,10.5167,S,G,1,1
883,0,2,1,28.0,0,0,10.5,S,D,1,1
885,0,3,0,39.0,0,5,29.125,Q,E,6,0
887,1,1,0,19.0,0,0,30.0,S,B,1,1
888,0,3,0,29.869351032448375,1,2,23.45,S,F,4,0
889,1,1,1,26.0,0,0,30.0,C,C,1,1
890,0,3,1,32.0,0,0,7.75,Q,E,1,1
